Workbook

Sheet Haltungen
A5: Ausgeführt durch – Farbe der Spalte NR.
A6: Nr. | B6: Abwasser Uri
A7: Nr. | B7: Kanalsanierer
A8: Nr. | B8: Baumeister
A9: Nr. | B9: Gartenbauer
A16: Zustandsklasse | D16: Eigentümer | F16: Rohrmaterial | H16: Prüfungsresultat | K16: Sanieren | M16: Ausgeführt durch (färbt Spalte NR.) | O16: Kosten nach Eigentümer | S16: Ausmass Sanierungsmassnahmen (Total) | Z16: Sanierungsstatus
A17: 0 sofort | C17: =COUNTIF('Haltungen'!$J$27:$J$5000,"0") | D17: Abwasser Uri | E17: =COUNTIF('Haltungen'!$O$27:$O$5000,"Abwasser Uri")+COUNTIF('Haltungen'!$O$27:$O$5000,"AWU")+COUNTIF('Haltungen'!$O$27:$O$5000,"AWU_von_oeffentlich")+COUNTIF('Haltungen'!$O$27:$O$5000,"AWU_von_oeffentlich (Abwasserverband)")+COUNTIF('Haltungen'!$O$27:$O$5000,"AWU_von_privat")+COUNTIF('Haltungen'!$O$27:$O$5000,"AWU_von_privat (Abwasserverband)") | F17: Zement | G17: =COUNTIF('Haltungen'!$D$27:$D$5000,"Zement") | H17: i.O. / Prüfung bestanden | J17: =COUNTIF('Haltungen'!$K$27:$K$5000,"i.O.")+COUNTIF('Haltungen'!$K$27:$K$5000,"Prüfung bestanden")+COUNTIF('Haltungen'!$K$27:$K$5000,"Pruefung bestanden") | K17: Ja | L17: =COUNTIF('Haltungen'!$L$27:$L$5000,"Ja") | M17: Abwasser Uri | N17: =COUNTIF('Haltungen'!$P$27:$P$5000,"Abwasser Uri") | O17: Total Abwasser Uri | R17: =SUMIF('Haltungen'!$O$27:$O$5000,"Abwasser Uri",'Haltungen'!$N$27:$N$5000)+SUMIF('Haltungen'!$O$27:$O$5000,"AWU",'Haltungen'!$N$27:$N$5000)+SUMIF('Haltungen'!$O$27:$O$5000,"AWU_von_oeffentlich",'Haltungen'!$N$27:$N$5000)+SUMIF('Haltungen'!$O$27:$O$5000,"AWU_von_oeffentlich (Abwasserverband)",'Haltungen'!$N$27:$N$5000)+SUMIF('Haltungen'!$O$27:$O$5000,"AWU_von_privat",'Haltungen'!$N$27:$N$5000)+SUMIF('Haltungen'!$O$27:$O$5000,"AWU_von_privat (Abwasserverband)",'Haltungen'!$N$27:$N$5000) | S17: Renovierung Inliner Stk. | V17: =SUM('Haltungen'!$S$27:$S$5000) | Z17: offen | AA17: =COUNTIF('Haltungen'!$Z$27:$Z$5000,"offen")
A18: 1 kurzfristig | C18: =COUNTIF('Haltungen'!$J$27:$J$5000,"1") | D18: Kanton Uri | E18: =COUNTIF('Haltungen'!$O$27:$O$5000,"Kanton Uri")+COUNTIF('Haltungen'!$O$27:$O$5000,"Kanton")+COUNTIF('Haltungen'!$O$27:$O$5000,"Kanton Uri (Kanton)") | F18: Polyethylen | G18: =COUNTIF('Haltungen'!$D$27:$D$5000,"Polyethylen") | H18: beobachten / Prüfung knapp nicht bestanden | J18: =COUNTIF('Haltungen'!$K$27:$K$5000,"beobachten")+COUNTIF('Haltungen'!$K$27:$K$5000,"Prüfung knapp nicht bestanden")+COUNTIF('Haltungen'!$K$27:$K$5000,"Pruefung knapp nicht bestanden") | K18: Nein | L18: =COUNTIF('Haltungen'!$L$27:$L$5000,"Nein") | M18: Kanalsanierer | N18: =COUNTIF('Haltungen'!$P$27:$P$5000,"Kanalsanierer") | O18: Total Kanton Uri | R18: =SUMIF('Haltungen'!$O$27:$O$5000,"Kanton Uri",'Haltungen'!$N$27:$N$5000)+SUMIF('Haltungen'!$O$27:$O$5000,"Kanton",'Haltungen'!$N$27:$N$5000)+SUMIF('Haltungen'!$O$27:$O$5000,"Kanton Uri (Kanton)",'Haltungen'!$N$27:$N$5000) | S18: Renovierung Inliner m | V18: =SUM('Haltungen'!$T$27:$T$5000) | Z18: abgeschlossen | AA18: =COUNTIF('Haltungen'!$Z$27:$Z$5000,"abgeschlossen")
A19: 2 mittelfristig | C19: =COUNTIF('Haltungen'!$J$27:$J$5000,"2") | D19: Bund | E19: =COUNTIF('Haltungen'!$O$27:$O$5000,"Bund")+COUNTIF('Haltungen'!$O$27:$O$5000,"Bund Astra")+COUNTIF('Haltungen'!$O$27:$O$5000,"Bund Astra (Bund)")+COUNTIF('Haltungen'!$O$27:$O$5000,"Bund (Bund)") | F19: Beton | G19: =COUNTIF('Haltungen'!$D$27:$D$5000,"Beton") | H19: Sanierungsbedarf / Prüfung nicht bestanden | J19: =COUNTIF('Haltungen'!$K$27:$K$5000,"Sanierungsbedarf")+COUNTIF('Haltungen'!$K$27:$K$5000,"Prüfung nicht bestanden (grob undicht)")+COUNTIF('Haltungen'!$K$27:$K$5000,"Pruefung nicht bestanden (grob undicht)") | M19: Baumeister | N19: =COUNTIF('Haltungen'!$P$27:$P$5000,"Baumeister") | O19: Total Bund | R19: =SUMIF('Haltungen'!$O$27:$O$5000,"Bund",'Haltungen'!$N$27:$N$5000)+SUMIF('Haltungen'!$O$27:$O$5000,"Bund Astra",'Haltungen'!$N$27:$N$5000)+SUMIF('Haltungen'!$O$27:$O$5000,"Bund Astra (Bund)",'Haltungen'!$N$27:$N$5000)+SUMIF('Haltungen'!$O$27:$O$5000,"Bund (Bund)",'Haltungen'!$N$27:$N$5000) | S19: Anschlüsse verpressen | V19: =SUM('Haltungen'!$U$27:$U$5000) | Z19: noch nicht erfasst | AA19: =COUNTA('Haltungen'!$B$27:$B$5000)-COUNTA('Haltungen'!$Z$27:$Z$5000)
A20: 3 langfristig | C20: =COUNTIF('Haltungen'!$J$27:$J$5000,"3") | D20: Gemeinde | E20: =COUNTIF('Haltungen'!$O$27:$O$5000,"Gemeinde")+COUNTIF('Haltungen'!$O$27:$O$5000,"Altdorf")+COUNTIF('Haltungen'!$O$27:$O$5000,"Altdorf (Gemeinde)")+COUNTIF('Haltungen'!$O$27:$O$5000,"Bürglen")+COUNTIF('Haltungen'!$O$27:$O$5000,"Bürglen (Gemeinde)")+COUNTIF('Haltungen'!$O$27:$O$5000,"Schattdorf")+COUNTIF('Haltungen'!$O$27:$O$5000,"Schattdorf (Gemeinde)")+COUNTIF('Haltungen'!$O$27:$O$5000,"Andermatt")+COUNTIF('Haltungen'!$O$27:$O$5000,"Andermatt (Gemeinde)")+COUNTIF('Haltungen'!$O$27:$O$5000,"Attinghausen")+COUNTIF('Haltungen'!$O$27:$O$5000,"Attinghausen (Gemeinde)")+COUNTIF('Haltungen'!$O$27:$O$5000,"Erstfeld")+COUNTIF('Haltungen'!$O$27:$O$5000,"Erstfeld (Gemeinde)")+COUNTIF('Haltungen'!$O$27:$O$5000,"Flüelen")+COUNTIF('Haltungen'!$O$27:$O$5000,"Flüelen (Gemeinde)")+COUNTIF('Haltungen'!$O$27:$O$5000,"Göschenen")+COUNTIF('Haltungen'!$O$27:$O$5000,"Göschenen (Gemeinde)")+COUNTIF('Haltungen'!$O$27:$O$5000,"Gurtnellen")+COUNTIF('Haltungen'!$O$27:$O$5000,"Gurtnellen (Gemeinde)")+COUNTIF('Haltungen'!$O$27:$O$5000,"Hospental")+COUNTIF('Haltungen'!$O$27:$O$5000,"Hospental (Gemeinde)")+COUNTIF('Haltungen'!$O$27:$O$5000,"Isenthal")+COUNTIF('Haltungen'!$O$27:$O$5000,"Isenthal (Gemeinde)")+COUNTIF('Haltungen'!$O$27:$O$5000,"Realp")+COUNTIF('Haltungen'!$O$27:$O$5000,"Realp (Gemeinde)")+COUNTIF('Haltungen'!$O$27:$O$5000,"Seedorf")+COUNTIF('Haltungen'!$O$27:$O$5000,"Seedorf (Gemeinde)")+COUNTIF('Haltungen'!$O$27:$O$5000,"Seelisberg")+COUNTIF('Haltungen'!$O$27:$O$5000,"Seelisberg (Gemeinde)")+COUNTIF('Haltungen'!$O$27:$O$5000,"Silenen")+COUNTIF('Haltungen'!$O$27:$O$5000,"Silenen (Gemeinde)")+COUNTIF('Haltungen'!$O$27:$O$5000,"Sisikon")+COUNTIF('Haltungen'!$O$27:$O$5000,"Sisikon (Gemeinde)")+COUNTIF('Haltungen'!$O$27:$O$5000,"Spiringen")+COUNTIF('Haltungen'!$O$27:$O$5000,"Spiringen (Gemeinde)")+COUNTIF('Haltungen'!$O$27:$O$5000,"Unterschächen")+COUNTIF('Haltungen'!$O$27:$O$5000,"Unterschächen (Gemeinde)")+COUNTIF('Haltungen'!$O$27:$O$5000,"Wassen")+COUNTIF('Haltungen'!$O$27:$O$5000,"Wassen (Gemeinde)") | F20: Polyvinylchlorid | G20: =COUNTIF('Haltungen'!$D$27:$D$5000,"Polyvinylchlorid") | H20: Keine | J20: =COUNTIF('Haltungen'!$K$27:$K$5000,"Keine") | M20: Gartenbauer | N20: =COUNTIF('Haltungen'!$P$27:$P$5000,"Gartenbauer") | O20: Total Gemeinde | R20: =SUMIF('Haltungen'!$O$27:$O$5000,"Gemeinde",'Haltungen'!$N$27:$N$5000)+SUMIF('Haltungen'!$O$27:$O$5000,"Altdorf",'Haltungen'!$N$27:$N$5000)+SUMIF('Haltungen'!$O$27:$O$5000,"Altdorf (Gemeinde)",'Haltungen'!$N$27:$N$5000)+SUMIF('Haltungen'!$O$27:$O$5000,"Bürglen",'Haltungen'!$N$27:$N$5000)+SUMIF('Haltungen'!$O$27:$O$5000,"Bürglen (Gemeinde)",'Haltungen'!$N$27:$N$5000)+SUMIF('Haltungen'!$O$27:$O$5000,"Schattdorf",'Haltungen'!$N$27:$N$5000)+SUMIF('Haltungen'!$O$27:$O$5000,"Schattdorf (Gemeinde)",'Haltungen'!$N$27:$N$5000)+SUMIF('Haltungen'!$O$27:$O$5000,"Andermatt",'Haltungen'!$N$27:$N$5000)+SUMIF('Haltungen'!$O$27:$O$5000,"Andermatt (Gemeinde)",'Haltungen'!$N$27:$N$5000)+SUMIF('Haltungen'!$O$27:$O$5000,"Attinghausen",'Haltungen'!$N$27:$N$5000)+SUMIF('Haltungen'!$O$27:$O$5000,"Attinghausen (Gemeinde)",'Haltungen'!$N$27:$N$5000)+SUMIF('Haltungen'!$O$27:$O$5000,"Erstfeld",'Haltungen'!$N$27:$N$5000)+SUMIF('Haltungen'!$O$27:$O$5000,"Erstfeld (Gemeinde)",'Haltungen'!$N$27:$N$5000)+SUMIF('Haltungen'!$O$27:$O$5000,"Flüelen",'Haltungen'!$N$27:$N$5000)+SUMIF('Haltungen'!$O$27:$O$5000,"Flüelen (Gemeinde)",'Haltungen'!$N$27:$N$5000)+SUMIF('Haltungen'!$O$27:$O$5000,"Göschenen",'Haltungen'!$N$27:$N$5000)+SUMIF('Haltungen'!$O$27:$O$5000,"Göschenen (Gemeinde)",'Haltungen'!$N$27:$N$5000)+SUMIF('Haltungen'!$O$27:$O$5000,"Gurtnellen",'Haltungen'!$N$27:$N$5000)+SUMIF('Haltungen'!$O$27:$O$5000,"Gurtnellen (Gemeinde)",'Haltungen'!$N$27:$N$5000)+SUMIF('Haltungen'!$O$27:$O$5000,"Hospental",'Haltungen'!$N$27:$N$5000)+SUMIF('Haltungen'!$O$27:$O$5000,"Hospental (Gemeinde)",'Haltungen'!$N$27:$N$5000)+SUMIF('Haltungen'!$O$27:$O$5000,"Isenthal",'Haltungen'!$N$27:$N$5000)+SUMIF('Haltungen'!$O$27:$O$5000,"Isenthal (Gemeinde)",'Haltungen'!$N$27:$N$5000)+SUMIF('Haltungen'!$O$27:$O$5000,"Realp",'Haltungen'!$N$27:$N$5000)+SUMIF('Haltungen'!$O$27:$O$5000,"Realp (Gemeinde)",'Haltungen'!$N$27:$N$5000)+SUMIF('Haltungen'!$O$27:$O$5000,"Seedorf",'Haltungen'!$N$27:$N$5000)+SUMIF('Haltungen'!$O$27:$O$5000,"Seedorf (Gemeinde)",'Haltungen'!$N$27:$N$5000)+SUMIF('Haltungen'!$O$27:$O$5000,"Seelisberg",'Haltungen'!$N$27:$N$5000)+SUMIF('Haltungen'!$O$27:$O$5000,"Seelisberg (Gemeinde)",'Haltungen'!$N$27:$N$5000)+SUMIF('Haltungen'!$O$27:$O$5000,"Silenen",'Haltungen'!$N$27:$N$5000)+SUMIF('Haltungen'!$O$27:$O$5000,"Silenen (Gemeinde)",'Haltungen'!$N$27:$N$5000)+SUMIF('Haltungen'!$O$27:$O$5000,"Sisikon",'Haltungen'!$N$27:$N$5000)+SUMIF('Haltungen'!$O$27:$O$5000,"Sisikon (Gemeinde)",'Haltungen'!$N$27:$N$5000)+SUMIF('Haltungen'!$O$27:$O$5000,"Spiringen",'Haltungen'!$N$27:$N$5000)+SUMIF('Haltungen'!$O$27:$O$5000,"Spiringen (Gemeinde)",'Haltungen'!$N$27:$N$5000)+SUMIF('Haltungen'!$O$27:$O$5000,"Unterschächen",'Haltungen'!$N$27:$N$5000)+SUMIF('Haltungen'!$O$27:$O$5000,"Unterschächen (Gemeinde)",'Haltungen'!$N$27:$N$5000)+SUMIF('Haltungen'!$O$27:$O$5000,"Wassen",'Haltungen'!$N$27:$N$5000)+SUMIF('Haltungen'!$O$27:$O$5000,"Wassen (Gemeinde)",'Haltungen'!$N$27:$N$5000) | S20: Reparatur Manschette | V20: =SUM('Haltungen'!$V$27:$V$5000)
A21: 4 kein Bedarf | C21: =COUNTIF('Haltungen'!$J$27:$J$5000,"4") | D21: Privat | E21: =COUNTIF('Haltungen'!$O$27:$O$5000,"Privat")+COUNTIF('Haltungen'!$O$27:$O$5000,"Privat (Privat)")+COUNTIF('Haltungen'!$O$27:$O$5000,"RUAG")+COUNTIF('Haltungen'!$O$27:$O$5000,"RUAG (Privat)") | F21: Polypropylen | G21: =COUNTIF('Haltungen'!$D$27:$D$5000,"Polypropylen") | M21: noch nicht zugeteilt | N21: =COUNTA('Haltungen'!$B$27:$B$5000)-COUNTA('Haltungen'!$P$27:$P$5000) | O21: Total Privat | R21: =SUMIF('Haltungen'!$O$27:$O$5000,"Privat",'Haltungen'!$N$27:$N$5000)+SUMIF('Haltungen'!$O$27:$O$5000,"Privat (Privat)",'Haltungen'!$N$27:$N$5000)+SUMIF('Haltungen'!$O$27:$O$5000,"RUAG",'Haltungen'!$N$27:$N$5000)+SUMIF('Haltungen'!$O$27:$O$5000,"RUAG (Privat)",'Haltungen'!$N$27:$N$5000) | S21: Linerendmanschette LEM | V21: =SUM('Haltungen'!$W$27:$W$5000)
F22: übrige | G22: =COUNTA('Haltungen'!$D$27:$D$5000)-COUNTIF('Haltungen'!$D$27:$D$5000,"Zement")-COUNTIF('Haltungen'!$D$27:$D$5000,"Polyethylen")-COUNTIF('Haltungen'!$D$27:$D$5000,"Beton")-COUNTIF('Haltungen'!$D$27:$D$5000,"Polyvinylchlorid")-COUNTIF('Haltungen'!$D$27:$D$5000,"Polypropylen") | S22: Reparatur Kurzliner | V22: =SUM('Haltungen'!$X$27:$X$5000)
A23: Total Haltungen | C23: =COUNTA('Haltungen'!$B$27:$B$5000) | D23: Total | E23: =COUNTA('Haltungen'!$O$27:$O$5000) | F23: Total | G23: =COUNTA('Haltungen'!$D$27:$D$5000) | H23: Total | J23: =COUNTA('Haltungen'!$K$27:$K$5000) | K23: Total | L23: =COUNTA('Haltungen'!$L$27:$L$5000) | M23: Total | N23: =COUNTA('Haltungen'!$B$27:$B$5000) | O23: Total gesamt | R23: =SUM('Haltungen'!$N$27:$N$5000) | S23: Erneuerung Neubau m | V23: =SUM('Haltungen'!$Y$27:$Y$5000) | Z23: Total | AA23: =COUNTA('Haltungen'!$B$27:$B$5000)
A24: Aktuelle Auswahl | C24: =SUBTOTAL(103,$A$27:$A$5000) | D24: Länge m | E24: =SUBTOTAL(109,$G$27:$G$5000) | G24: Kosten CHF | H24: =SUBTOTAL(109,$N$27:$N$5000)
S25: Ausmass | Z25: Status
A26: NR. | B26: Haltungsname (ID) | C26: Strasse | D26: Rohrmaterial | E26: DN mm | F26: Nutzungsart | G26: Haltungslänge m | H26: Inspektionsrichtung | I26: Primäre Schäden | J26: Zustandsklasse | K26: Prüfungsresultat | L26: Sanieren Ja/Nein | M26: Empfohlene Sanierungsmassnahmen | N26: Kosten | O26: Eigentümer | P26: Ausgeführt durch | Q26: Bemerkungen | R26: Link | S26: Renovierung Inliner Stk. | T26: Renovierung Inliner m | U26: Anschlüsse verpressen | V26: Reparatur Manschette | W26: Linerendmanschette LEM | X26: Reparatur Kurzliner | Y26: Erneuerung Neubau m | Z26: offen/abgeschlossen | AA26: Datum/Jahr
