Workbook

Sheet Schaechte
A5: Ausgeführt durch – Farbe der Spalte NR.
A6: Nr. | B6: Abwasser Uri
A7: Nr. | B7: Kanalsanierer
A8: Nr. | B8: Baumeister
A9: Nr. | B9: Gartenbauer
A16: Zustandsklasse | D16: Funktion | G16: Sanieren | J16: Eigentümer | L16: Ausgeführt durch (färbt Spalte NR.) | N16: Abdeckung / Belastungsklasse | P16: Sanierungsstatus
A17: 0 sofort | C17: =COUNTIF('Schaechte'!$F$27:$F$5000,"0") | D17: Kontrollschacht | F17: =COUNTIF('Schaechte'!$B$27:$B$5000,"Kontrollschacht") | G17: Ja | I17: =COUNTIF('Schaechte'!$G$27:$G$5000,"Ja") | J17: Abwasser Uri | K17: =COUNTIF('Schaechte'!$J$27:$J$5000,"Abwasser Uri")+COUNTIF('Schaechte'!$J$27:$J$5000,"AWU")+COUNTIF('Schaechte'!$J$27:$J$5000,"AWU_von_oeffentlich")+COUNTIF('Schaechte'!$J$27:$J$5000,"AWU_von_oeffentlich (Abwasserverband)")+COUNTIF('Schaechte'!$J$27:$J$5000,"AWU_von_privat")+COUNTIF('Schaechte'!$J$27:$J$5000,"AWU_von_privat (Abwasserverband)") | L17: Abwasser Uri | M17: =COUNTIF('Schaechte'!$K$27:$K$5000,"Abwasser Uri") | N17: A15 | O17: =COUNTIF('Schaechte'!$O$27:$O$5000,"A15") | P17: offen | Q17: =COUNTIF('Schaechte'!$P$27:$P$5000,"offen")
A18: 1 kurzfristig | C18: =COUNTIF('Schaechte'!$F$27:$F$5000,"1") | D18: Einstiegschacht | F18: =COUNTIF('Schaechte'!$B$27:$B$5000,"Einstiegschacht") | G18: Nein | I18: =COUNTIF('Schaechte'!$G$27:$G$5000,"Nein") | J18: Kanton Uri | K18: =COUNTIF('Schaechte'!$J$27:$J$5000,"Kanton Uri")+COUNTIF('Schaechte'!$J$27:$J$5000,"Kanton")+COUNTIF('Schaechte'!$J$27:$J$5000,"Kanton Uri (Kanton)") | L18: Kanalsanierer | M18: =COUNTIF('Schaechte'!$K$27:$K$5000,"Kanalsanierer") | N18: B125 | O18: =COUNTIF('Schaechte'!$O$27:$O$5000,"B125") | P18: abgeschlossen | Q18: =COUNTIF('Schaechte'!$P$27:$P$5000,"abgeschlossen")
A19: 2 mittelfristig | C19: =COUNTIF('Schaechte'!$F$27:$F$5000,"2") | D19: übrige | F19: =COUNTA('Schaechte'!$B$27:$B$5000)-COUNTIF('Schaechte'!$B$27:$B$5000,"Kontrollschacht")-COUNTIF('Schaechte'!$B$27:$B$5000,"Einstiegschacht") | G19: unklar (U) | I19: =COUNTIF('Schaechte'!$G$27:$G$5000,"U") | J19: Bund | K19: =COUNTIF('Schaechte'!$J$27:$J$5000,"Bund")+COUNTIF('Schaechte'!$J$27:$J$5000,"Bund Astra")+COUNTIF('Schaechte'!$J$27:$J$5000,"Bund Astra (Bund)")+COUNTIF('Schaechte'!$J$27:$J$5000,"Bund (Bund)") | L19: Baumeister | M19: =COUNTIF('Schaechte'!$K$27:$K$5000,"Baumeister") | N19: C250 | O19: =COUNTIF('Schaechte'!$O$27:$O$5000,"C250") | P19: noch nicht erfasst | Q19: =COUNTA('Schaechte'!$C$27:$C$5000)-COUNTA('Schaechte'!$P$27:$P$5000)
A20: 3 langfristig | C20: =COUNTIF('Schaechte'!$F$27:$F$5000,"3") | J20: Gemeinde | K20: =COUNTIF('Schaechte'!$J$27:$J$5000,"Gemeinde")+COUNTIF('Schaechte'!$J$27:$J$5000,"Altdorf")+COUNTIF('Schaechte'!$J$27:$J$5000,"Altdorf (Gemeinde)")+COUNTIF('Schaechte'!$J$27:$J$5000,"Bürglen")+COUNTIF('Schaechte'!$J$27:$J$5000,"Bürglen (Gemeinde)")+COUNTIF('Schaechte'!$J$27:$J$5000,"Schattdorf")+COUNTIF('Schaechte'!$J$27:$J$5000,"Schattdorf (Gemeinde)")+COUNTIF('Schaechte'!$J$27:$J$5000,"Andermatt")+COUNTIF('Schaechte'!$J$27:$J$5000,"Andermatt (Gemeinde)")+COUNTIF('Schaechte'!$J$27:$J$5000,"Attinghausen")+COUNTIF('Schaechte'!$J$27:$J$5000,"Attinghausen (Gemeinde)")+COUNTIF('Schaechte'!$J$27:$J$5000,"Erstfeld")+COUNTIF('Schaechte'!$J$27:$J$5000,"Erstfeld (Gemeinde)")+COUNTIF('Schaechte'!$J$27:$J$5000,"Flüelen")+COUNTIF('Schaechte'!$J$27:$J$5000,"Flüelen (Gemeinde)")+COUNTIF('Schaechte'!$J$27:$J$5000,"Göschenen")+COUNTIF('Schaechte'!$J$27:$J$5000,"Göschenen (Gemeinde)")+COUNTIF('Schaechte'!$J$27:$J$5000,"Gurtnellen")+COUNTIF('Schaechte'!$J$27:$J$5000,"Gurtnellen (Gemeinde)")+COUNTIF('Schaechte'!$J$27:$J$5000,"Hospental")+COUNTIF('Schaechte'!$J$27:$J$5000,"Hospental (Gemeinde)")+COUNTIF('Schaechte'!$J$27:$J$5000,"Isenthal")+COUNTIF('Schaechte'!$J$27:$J$5000,"Isenthal (Gemeinde)")+COUNTIF('Schaechte'!$J$27:$J$5000,"Realp")+COUNTIF('Schaechte'!$J$27:$J$5000,"Realp (Gemeinde)")+COUNTIF('Schaechte'!$J$27:$J$5000,"Seedorf")+COUNTIF('Schaechte'!$J$27:$J$5000,"Seedorf (Gemeinde)")+COUNTIF('Schaechte'!$J$27:$J$5000,"Seelisberg")+COUNTIF('Schaechte'!$J$27:$J$5000,"Seelisberg (Gemeinde)")+COUNTIF('Schaechte'!$J$27:$J$5000,"Silenen")+COUNTIF('Schaechte'!$J$27:$J$5000,"Silenen (Gemeinde)")+COUNTIF('Schaechte'!$J$27:$J$5000,"Sisikon")+COUNTIF('Schaechte'!$J$27:$J$5000,"Sisikon (Gemeinde)")+COUNTIF('Schaechte'!$J$27:$J$5000,"Spiringen")+COUNTIF('Schaechte'!$J$27:$J$5000,"Spiringen (Gemeinde)")+COUNTIF('Schaechte'!$J$27:$J$5000,"Unterschächen")+COUNTIF('Schaechte'!$J$27:$J$5000,"Unterschächen (Gemeinde)")+COUNTIF('Schaechte'!$J$27:$J$5000,"Wassen")+COUNTIF('Schaechte'!$J$27:$J$5000,"Wassen (Gemeinde)") | L20: Gartenbauer | M20: =COUNTIF('Schaechte'!$K$27:$K$5000,"Gartenbauer") | N20: D400 | O20: =COUNTIF('Schaechte'!$O$27:$O$5000,"D400")
A21: 4 kein Bedarf | C21: =COUNTIF('Schaechte'!$F$27:$F$5000,"4") | J21: Privat | K21: =COUNTIF('Schaechte'!$J$27:$J$5000,"Privat")+COUNTIF('Schaechte'!$J$27:$J$5000,"Privat (Privat)")+COUNTIF('Schaechte'!$J$27:$J$5000,"RUAG")+COUNTIF('Schaechte'!$J$27:$J$5000,"RUAG (Privat)") | L21: noch nicht zugeteilt | M21: =COUNTA('Schaechte'!$C$27:$C$5000)-COUNTA('Schaechte'!$K$27:$K$5000) | N21: E600 | O21: =COUNTIF('Schaechte'!$O$27:$O$5000,"E600")
N22: F900 | O22: =COUNTIF('Schaechte'!$O$27:$O$5000,"F900")
A23: Total Schächte | C23: =COUNTA('Schaechte'!$C$27:$C$5000) | D23: Total | F23: =COUNTA('Schaechte'!$B$27:$B$5000) | G23: Kosten total | I23: =SUM('Schaechte'!$I$27:$I$5000) | J23: Total | K23: =COUNTA('Schaechte'!$J$27:$J$5000) | L23: Total | M23: =COUNTA('Schaechte'!$C$27:$C$5000) | N23: Abdeckungen Stk. | O23: =SUM('Schaechte'!$N$27:$N$5000) | P23: Total | Q23: =COUNTA('Schaechte'!$C$27:$C$5000)
A24: Aktuelle Auswahl | C24: =SUBTOTAL(103,$A$27:$A$5000) | G24: Kosten CHF | H24: =SUBTOTAL(109,$I$27:$I$5000)
N25: Ausmass | P25: Status
A26: NR. | B26: Funktion | C26: Schachtnummer | D26: Strasse | E26: Primäre Schäden | F26: Zustandsklasse | G26: Ja/Nein | H26: Massnahmen | I26: Kosten | J26: Eigentümer | K26: Ausgeführt durch | L26: Bemerkungen | M26: Link | N26: Abdeckung Stk. | O26: Belastungsklasse | P26: Status offen/abgeschlossen | Q26: Ausführung Datum/Jahr
